Consultas principales,Clics,Impresiones,CTR,Posición
curso de ia para niños,1,4,25%,2.75
clases de ia para niños,1,1,100%,2
cursos de inteligencia artificial para adolescentes,0,3,0%,6.33
cursos online para niños,0,3,0%,94.67
curso de inteligencia artificial para niños,0,2,0%,1.5
innova kids,0,2,0%,7
ia para niños,0,2,0%,8
innovakids,0,1,0%,1
niños de ia,0,1,0%,1
curso de inteligencia artificial para adolescentes,0,1,0%,2
curso inteligencia artificial para niños,0,1,0%,2
cursos para adolescentes de 12 anos,0,1,0%,6
curso para niños de 12 años,0,1,0%,9
cursos para niños,0,1,0%,34
clases virtuales para niños,0,1,0%,74
curso online niños,0,1,0%,79
clases online para niños,0,1,0%,93