Páginas principales,Clics,Impresiones,CTR,Posición
https://www.innovakidslatam.com/,3,53,5.66%,16.87
https://www.innovakidslatam.com/es/cursos-ia-ninos-espana,1,1,100%,9
https://www.innovakidslatam.com/pa/blog/cursos-inteligencia-artificial-ninos-panama-guia,1,1,100%,29
https://www.innovakidslatam.com/ec,0,10,0%,6.2
https://www.innovakidslatam.com/que-es-innovakids,0,7,0%,7.71
https://www.innovakidslatam.com/ar,0,5,0%,6
https://www.innovakidslatam.com/cl,0,5,0%,8.6
https://www.innovakidslatam.com/pe,0,4,0%,4.75
https://www.innovakidslatam.com/mx,0,3,0%,3.67
https://www.innovakidslatam.com/es,0,3,0%,6.67
https://www.innovakidslatam.com/ar/clases-ia-chicos-buenos-aires,0,3,0%,9
https://www.innovakidslatam.com/colombia,0,2,0%,1
https://www.innovakidslatam.com/co,0,1,0%,5
https://www.innovakidslatam.com/terminos,0,1,0%,6